Gene,Glucose
aas,0.000845199
accA,0.223593949
accB,0.071193094
accC,0.14811278
accD,0.091758058
aceA,2.22095537
aceB,0.439229376
aceE,0.961561293
aceF,0.99320614
aceK,0.000347684
ackA,0.219863838
acnA,0.096485947
acnB,1.178290633
acpH,0.000832453
acpP,0.414120844
acpS,0.001079996
acrA,0.169630225
acrB,0.053190694
acrD,0.0001696
acrR,0.000857064
acs,0.118984109
actP,0.003972191
acuI,0.063153861
add,0.015287824
addB,0.002836135
ade,0.000522204
adeP,0.00709805
adhE,0.773711989
adhP,0.001539617
adk,0.206623775
aegA,0.0006264
agaR,0.001447976
agaV,0.000508456
agp,0.03798932
ahpC,2.013351626
ahpF,0.226931057
ahr,6.19287E-05
aidB,0.000299972
alaA,0.007586517
alaC,0.007142241
alaS,0.310434315
aldA,0.303625781
aldB,0.054978212
alkB,0.000538263
allC,9.02493E-06
allR,0.00997608
alr,0.000945515
alsB,0.001031249
amiA,0.003972927
amiB,0.001218261
amiC,5.50604E-07
amiD,0.002803815
amn,0.038148686
ampC,0.001343506
ampD,0.005694346
ampE,0.000219147
ampH,0.002525072
amtB,0.003920933
amyA,0.010226282
anmK,0.003530137
ansA,0.034109537
ansB,0.000287976
apaG,0.000298712
apaH,0.002967642
aphA,0.003650752
appA,0.000709131
appC,9.65642E-05
apt,0.100798713
araF,0.002060688
arcA,0.152413541
arcB,0.00722951
argA,0.027145061
argB,0.287852198
argC,0.102430983
argD,0.28453427
argE,0.150640639
argF,0.009123997
argG,0.689103915
argH,0.240657459
argI,0.049259922
argR,0.018267218
argS,0.101002649
argT,0.286022328
arnA,0.000792716
arnB,0.001043826
aroA,0.157247757
aroB,0.019665469
aroC,0.051796332
aroD,0.040136641
aroE,0.005913986
aroF,0.13364825
aroG,0.421044294
aroH,0.019279733
aroK,0.06840313
aroL,0.021584831
aroM,0.004410953
aroP,0.016471252
arsC,5.35933E-05
artI,0.086052926
artJ,0.416434562
artP,0.026367923
ascG,0.001018717
asd,0.91400765
asmA,0.002805234
asnA,0.10735009
asnB,0.119958447
asnC,0.003194811
asnS,0.482133407
aspA,0.00956793
aspC,0.504861638
aspS,0.24842261
asr,1.45925E-06
astC,0.0032067
astD,0.000472205
atoC,0.000179096
atpA,1.333157295
atpB,0.058056378
atpC,0.25256327
atpD,2.016631926
atpE,0.003909421
atpF,0.257230139
atpG,0.120800628
atpH,0.246811922
avtA,0.042867689
azoR,0.028788163
baeR,0.012672724
baeS,0.000790806
bamA,0.304819238
bamB,0.066865585
bamC,0.107156739
bamD,0.063298718
bamE,0.055554997
barA,0.000421987
basR,0.000557442
bcp,0.222034587
bcsG,0.004358114
bdcR,0.004423376
bepA,0.015797619
betB,0.007498657
bfr,0.104651612
bglA,0.033868617
bglX,0.021768221
bhsA,0.002274748
bioA,0.010883795
bioB,0.023465681
bioC,0.000289315
bioD,0.017623657
bioD,0.000174606
bioF,0.004976177
bioH,0.003216615
birA,0.001092962
bisC,0.004389027
blc,0.001630348
bolA,0.00555119
borD,0.043691628
btuB,0.076744373
btuD,0.002822304
btuE,0.039307609
btuF,0.00103319
btuR,0.006005269
caiD,0.002775967
can,0.151571935
carA,0.63613003
carB,0.869072255
cas1,0.000947668
cbl,0.002555809
cbpA,0.007482065
cca,0.004931044
cdd,0.01342292
cdsA,0.002300889
cedA,0.00124118
cfa,0.00516633
cgtA,0.008331432
chaA,0.002774797
chaB,0.001164479
chbA,1.32049E-05
chbB,0.0095648
chbG,0.001811807
cheA,0.000111581
cheW,0.000160506
cheY,0.000650018
cheZ,6.89741E-05
chiA,0.000486476
chpB,0.001492669
chpS,0.000130756
cirA,0.070480146
clpA,0.073998009
clpB,0.01893894
clpB,3.10322E-05
clpP,0.339143393
clpX,0.249994287
clsA,0.000932628
cmk,0.038994464
cmoA,0.02562424
cmoB,0.007659165
cnu,0.000641693
coaA,0.016567899
coaB,0.018157413
coaD,0.001821683
coaE,0.002678152
cobB,0.026318216
cobT,0.005108202
cobU,0.000999267
codA,0.241999479
codB,0.015299737
cohE,0.000214977
comR,7.26333E-05
copA,0.403702051
corA,0.016767788
corC,0.011867862
cpdA,0.008727812
cpdB,0.015750113
cpxA,0.003855332
cpxP,0.010309342
cpxR,0.040731429
cra,0.009344901
creA,0.006964964
creB,0.000327349
crl,0.050853698
crp,0.080285648
crr,1.014364466
csdA,0.000876696
csdE,0.005170557
csgD,8.78479E-06
csgG,0.001372137
csiD,0.003459227
csiR,0.000233654
cspA,0.029108207
cspB,2.55951E-05
cspC,0.720594614
cspD,0.016456891
cspE,0.21212539
cspG,0.000588583
csrA,0.021638818
cstA,0.044929446
cueO,0.097002483
cueR,0.00123119
curA,0.041349615
cusA,0.06777836
cusB,0.171477825
cusC,0.122963987
cusF,0.599204933
cusR,0.039108568
cusS,0.019369715
cutA,0.000241002
cutC,0.003417893
cvpA,0.000244894
cvrA,0.000199274
cyaA,0.000516471
cyaY,0.004008145
cycA,0.015424124
cydA,0.033256772
cydB,0.003004273
cydC,0.008022583
cydD,0.006491514
cyoA,0.151456759
cyoB,0.11801621
cyoC,0.000672897
cyoD,0.002712713
cysA,0.048044169
cysB,0.031380221
cysC,0.030879079
cysD,0.075893032
cysE,0.019446729
cysG,0.00245939
cysH,0.08633536
cysI,0.319733133
cysJ,0.364709489
cysK,4.193691705
cysM,0.083053187
cysN,0.132518605
cysP,0.244193074
cysQ,0.041309518
cysS,0.047654907
cysU,0.01304181
cysW,0.00211655
cytR,0.000555965
dacA,0.099449819
dacB,0.000718066
dacC,0.071442752
dadA,0.004000973
dadX,0.001793917
dam,0.003964818
damX,0.069769506
dapA,0.186138345
dapB,0.14697523
dapD,0.545136345
dapE,0.005035303
dapF,0.018130386
dbpA,0.000791317
dcd,0.018073722
dcm,0.001797162
dcp,0.075960215
dcrB,0.071386061
dctA,0.002775188
dcuA,0.015106879
dcuR,3.79696E-05
dcyD,0.057534884
ddlA,0.009161519
ddlB,0.027842232
ddpA,0.001511615
deaD,0.065506075
dedD,0.001507498
def,0.028392377
degP,0.273288049
degQ,0.066213926
degS,0.004593837
deoA,0.010585806
deoB,0.074502085
deoC,0.053452152
deoD,0.118928486
deoR,0.001248377
der,0.024383637
dgoA,6.85295E-07
dgoD,0.000658889
dgoK,0.000620864
dgoR,0.00180626
dgt,0.000239063
dhaK,0.047804621
dhaL,0.003553695
dhaM,0.02905529
diaA,0.010247425
dicA,0.000510265
dinD,2.55016E-05
dinI,0.001667545
dinJ,0.004042918
djlA,5.13268E-05
dkgA,0.016908457
dkgB,0.004419598
dksA,0.169803316
dld,0.065192915
dmsA,0.000209142
dmsD,0.005784934
dnaA,0.0057756
dnaB,0.018021504
dnaC,0.00275313
dnaE,0.000714286
dnaG,0.000691066
dnaJ,0.046932095
dnaK,2.133427091
dnaN,0.038842488
dnaQ,0.000654402
dnaT,0.001779028
dnaX,0.001192961
dosC,0.000653427
dpiA,0.000337741
dppA,0.493986055
dppB,0.000932565
dppC,0.002645295
dppD,0.02179451
dppF,0.019230252
dps,0.14560254
dsbA,0.158531307
dsbB,0.001201597
dsbC,0.06036482
dsbG,0.00594264
dsdA,0.005303774
dtd,0.000185099
dtpA,8.96675E-07
dusA,0.012090082
dusB,0.001289081
dusC,4.94594E-07
dut,0.084655394
dxr,0.005195816
dxs,0.033477406
ebgR,0.001423789
ecnB,0.284022762
eco,0.00646893
eda,0.134316673
edd,0.008728177
efeO,0.043415348
efp,0.61250769
elaA,0.004012828
elaB,0.135912317
elbB,0.048556081
emrA,0.003140504
emtA,0.006283371
engB,0.047589173
eno,2.737772472
entA,0.006165453
entB,0.013097533
entC,0.013733348
entE,0.009049863
entF,0.010065053
entH,0.000436473
envC,0.00438482
epd,0.006924465
epmB,0.003405499
eptB,9.03887E-05
eptC,0.005861598
era,0.002549884
erfK,0.003954715
erpA,0.072330978
eutB,0.002637655
eutC,0.000628102
eutL,0.003695489
eutM,0.000224213
evgA,0.001957515
exbB,0.035695074
exbD,0.009475939
exoX,0.000692369
exuR,0.002186867
fabA,0.065017871
fabB,0.951962085
fabD,0.182018911
fabF,0.136854063
fabG,0.198172765
fabH,0.117867701
fabI,0.231691841
fabZ,0.139195223
fadA,0.028789474
fadB,0.022902403
fadD,0.015465427
fadE,0.012796513
fadH,0.00515466
fadI,0.001737604
fadJ,0.003092659
fadL,0.038040114
fadM,0.000315565
fadR,0.008314843
fbaA,1.301873178
fbaB,0.136520597
fbp,0.057667547
fdhD,7.42011E-05
fdhE,0.02152326
fdoG,0.002435819
fdoH,0.000228286
fdoI,6.7819E-06
fdx,0.056026354
feaB,0.000673636
feaR,0.000206519
fecA,0.000221531
fecB,0.000600348
fecE,0.000644947
fecR,0.000176037
feoA,4.76022E-07
feoB,0.001192651
feoC,6.06463E-05
fepA,0.050931116
fepB,0.00435176
fepC,0.000572777
fes,0.000353821
fetA,0.002947198
ffh,0.076401196
fhuA,0.119034496
fhuC,0.007400943
fhuD,0.002498659
fhuE,0.002508937
fhuF,2.65338E-05
fic,0.010793151
fimC,2.19311E-05
fimH,0.000865812
fis,0.065600093
fiu,0.027478607
fklB,0.161403167
fkpA,0.272039157
fkpB,0.033451179
fldA,0.283096288
fldB,0.022538518
flgE,0.002780692
flgH,1.87228E-05
flgM,0.000269298
fliA,5.11508E-05
fliC,0.000259862
fliF,4.81781E-05
fliG,0.000337335
fliJ,0.000441808
fliM,9.01971E-05
fliY,0.549117653
flu,0.010540175
flxA,0.000141248
fmt,0.040533532
fnr,0.028228471
focA,0.001335989
folA,0.008796686
folB,0.000411504
folC,0.027450489
folD,0.09580745
folE,0.583730013
folK,0.006413301
folM,0.001704862
folP,0.011333288
folX,0.027584732
fpr,0.008468217
frdA,0.004000604
frdB,0.007410289
fre,0.027981331
frlB,5.30993E-05
frlR,0.00048807
frmA,0.035945637
frmB,0.002708171
frmR,0.006245467
frr,0.193314698
frsA,0.019319323
fruA,0.016450473
fruB,0.019798179
fruK,0.003160215
fsaA,0.004211737
ftnA,0.104253165
ftnB,5.98895E-05
ftsA,0.042974216
ftsB,0.000530274
ftsE,0.010113545
ftsH,0.262319287
ftsI,0.001217047
ftsK,0.008020467
ftsL,0.001326331
ftsN,0.010232826
ftsP,0.003137181
ftsX,0.002149859
ftsY,0.103933873
ftsZ,0.405982441
fucA,2.45658E-05
fucI,0.000273368
fucO,0.002787464
fucR,0.000329708
fucU,0.00680825
fumA,0.135198334
fumB,0.001528345
fumC,0.041728729
fur,0.180746868
fusA,5.023371818
fxsA,1.49452E-05
gabD,0.061642691
gabT,0.045521206
gadA,0.002187517
gadB,0.000572069
gadC,0.005649217
galE,0.038381392
galF,0.264879147
galK,0.025366423
galM,0.078557003
galR,0.003967222
galS,5.27658E-07
galT,0.009906616
galU,0.088450903
gapA,2.774918443
garD,0.000836774
garL,0.000149706
garR,0.001344619
gatA,0.158941266
gatB,0.109345447
gatC,0.046563391
gatD,0.007958116
gatR,3.99673E-05
gatY,0.252392175
gatZ,0.110429632
gcd,0.006232291
gcvA,0.000312945
gcvH,0.014829734
gcvP,0.0583632
gcvR,0.011153421
gcvT,0.044090657
gdhA,0.511174787
ggt,0.017644554
ghrA,0.059822487
ghrB,0.104953957
ghxP,0.006158511
glcA,9.88967E-05
glcB,0.037701763
glcC,0.000885204
glcD,0.002987468
glcE,5.43644E-07
glcF,1.99388E-05
glcG,0.003376994
gldA,0.00343792
glf,0.059604014
glgA,0.028975451
glgB,0.010614613
glgC,0.01937527
glgP,0.020817051
glgS,0.000355412
glgX,0.01353646
glk,0.028614195
glmM,0.085765069
glmS,0.446645464
glmU,0.033367689
glnA,1.535088213
glnB,0.026267801
glnD,0.021374338
glnE,0.004461512
glnG,0.011182197
glnH,0.304767658
glnK,0.001168562
glnL,0.004225652
glnP,0.00138418
glnQ,0.03093376
glnS,0.105214657
gloA,0.048628908
gloB,0.013308949
glpA,0.001391491
glpB,0.000270622
glpC,4.73404E-07
glpD,0.012731361
glpE,0.000257371
glpF,0.002255148
glpK,0.046266573
glpQ,0.011123847
glpR,0.003488777
glpT,0.004459505
glpX,0.011141092
glsA,0.003012631
glsA,0.000254888
gltA,0.77032012
gltB,0.774658221
gltD,0.255866028
gltI,0.273619331
gltL,0.003641008
gltP,0.000514722
gltX,0.228617618
gluQ,0.002750692
glyA,1.842452022
glyQ,0.095738194
glyS,0.371317553
gmhA,0.116313872
gmhB,0.011151891
gmk,0.017104516
gnd,1.204223501
gnsA,0.013805049
gnsB,0.01870868
gntK,0.000515239
gntR,0.034873304
gor,0.079761031
gph,0.033532756
gpmA,0.570971839
gpmB,0.01456084
gpmI,0.247569247
gppA,0.005492763
gpr,0.010771039
gpsA,0.01969849
gpt,0.095163618
grcA,0.021320007
greA,0.071621404
greB,4.12202E-05
groL,2.162666448
groS,0.254681054
grpE,0.213432844
grxA,0.002282398
grxB,0.107644136
grxC,0.064541787
grxD,0.137045905
gshA,0.053148326
gshB,0.07543479
gsiA,0.000806741
gsiB,0.02962242
gsiC,0.004057498
gsk,0.003670468
gss,0.021474721
gstA,0.02597638
gstB,0.024636401
guaA,0.376779981
guaB,0.969775546
guaC,0.070978833
guaD,0.000447945
gudD,7.48651E-05
gutQ,0.003094863
gyrA,0.120731799
gyrB,0.125730464
gyrI,0.01495818
hchA,0.032481818
hda,0.000470315
hdeA,0.041237969
hdeB,0.001496131
hdeD,7.13164E-05
hdfR,0.00384341
hdhA,0.008749568
helD,0.004973813
hemA,0.000464311
hemB,0.026006862
hemC,0.012578905
hemD,0.000544752
hemE,0.002041546
hemF,0.006597985
hemG,0.003713613
hemH,0.001118077
hemK,9.33873E-05
hemL,0.2189394
hemN,0.006760247
hemX,0.041809621
hemY,0.010787845
hexR,0.001313471
hflC,0.080588663
hflD,0.006284599
hflK,0.101948311
hflX,0.019171529
hfq,0.028002593
hha,0.002832943
hicB,0.004787104
hinT,0.04367647
hisA,0.091550545
hisB,0.186661901
hisC,0.143819388
hisD,0.263682103
hisF,0.048539868
hisG,0.222767957
hisH,0.056553406
hisI,0.071816827
hisJ,0.508230895
hisP,0.006770944
hisQ,0.004265519
hisS,0.147371154
hiuH,0.009719703
hldD,0.167727563
hldE,0.067893209
hmp,0.010832374
hns,0.580627872
holB,0.000921211
holC,0.000123161
holD,0.000653038
hpf,0.041169202
hpt,0.042841205
hrpA,0.007826562
hscA,0.063911686
hscB,0.028225969
hsdM,0.034024648
hsdR,0.000937082
hsdS,0.001639027
hslJ,0.000613548
hslO,0.127489677
hslR,0.000444083
hslU,0.112468413
hslV,0.01477738
hspQ,0.000292197
htpG,0.248314102
htpX,0.023872359
htrB,2.06272E-05
hupA,2.099486244
hupB,0.640523796
hyaA,6.36998E-07
hyaB,0.000125128
hybA,0.008828813
hybC,0.000562983
hybD,0.000428416
hybE,0.003288322
hycA,0.001913504
hycE,0.000117561
hycI,0.000306579
hyi,0.00027362
hypB,0.001237154
hypE,0.000940352
iaaA,0.003712414
iadA,0.015204687
iap,0.000967585
ibpA,0.009502294
ibpB,0.000542115
icd,2.55565132
iciA,0.034676706
iclR,0.000323511
idi,0.000570063
idnD,0.016858655
idnK,0.000514152
idnO,0.027456513
ihfA,0.087964578
ihfB,0.094578535
ileS,0.374862293
ilvA,0.013033154
ilvB,0.182753728
ilvC,2.99027888
ilvD,0.130341929
ilvE,0.147536584
ilvG,0.005138209
ilvH,0.045682679
ilvI,0.04604868
ilvN,0.019780071
ilvY,0.000426413
infA,0.06140156
infB,0.403178005
infC,0.236299414
insC,0.000751449
insH,0.003666353
intF,5.64444E-07
iraP,0.031172892
iscA,0.027781284
iscR,0.220932312
iscS,1.023407224
iscU,0.216463498
iscX,0.033375122
ispA,0.000594624
ispB,0.004794187
ispD,0.002871254
ispE,0.009537361
ispF,0.04162504
ispG,0.039829708
ispH,0.012943737
ivy,0.047669086
JW58,0.002943141
katE,0.1648397
katG,0.292001269
kbaZ,0.000457944
kbl,0.012281859
kch,0.004167713
kdgK,0.03079298
kdgR,0.027202362
kdpD,0.000465681
kdpE,0.002485034
kdsA,0.1352613
kdsB,0.024988006
kdsC,0.006730585
kdsD,0.004898258
kduD,0.00232701
kduI,0.00096836
kefC,0.000251317
kefF,0.001518172
kefG,0.003991748
kgtP,0.009712024
kptA,5.26155E-05
lacI,0.001458692
lamB,0.074748422
lasT,0.002922803
ldcA,0.005966104
ldcC,0.000769069
ldhA,0.034286576
lepA,0.08260315
lepB,0.00875817
leuA,0.257721527
leuB,0.300736781
leuC,0.228672835
leuD,0.190864478
leuS,0.297867848
lexA,0.020754754
lgt,0.000390568
lhgO,0.000751425
ligA,0.035452583
lipA,0.026166189
lipB,8.70158E-05
livF,0.00958378
livG,0.0095572
livJ,1.488709407
livK,0.172929128
livM,0.005414866
lldD,0.010471275
lldR,0.000836826
lnt,0.004467479
loiP,0.020211647
lolA,0.026715266
lolB,0.009997604
lolC,0.002082653
lolD,0.021097064
lolE,0.000132061
lon,0.165260639
lpdA,1.059127591
lplA,0.003918899
lpoA,0.059151254
lpoB,0.026320176
lpp,0.674530889
lptA,0.036139381
lptB,0.072674879
lptC,0.002087701
lptD,0.077879192
lptE,0.010872827
lptF,0.004892938
lptG,0.005832606
lpxA,0.045372842
lpxB,0.002175336
lpxC,0.007403819
lpxD,0.005091541
lpxK,0.000847362
lrhA,0.001013615
lrp,0.190749752
lsrA,5.56636E-07
lsrB,0.005189259
lsrF,0.004637478
lsrG,7.25058E-05
lsrK,0.000537168
lsrR,0.002516483
ltaE,0.019099534
luxS,0.221778485
lysA,0.055576438
lysC,0.299509196
lysS,0.245137128
lysU,0.04731265
maa,0.002261081
macA,0.002176128
maeA,0.055391296
maeB,0.064106729
mak,0.010818006
malE,0.154137292
malF,7.4007E-05
malK,0.005933927
malM,0.012713961
malP,0.041223253
malQ,0.00840883
malS,0.002890644
malT,0.003608128
malZ,0.000104291
manA,0.06495142
manX,0.133152059
manY,0.005032677
manZ,0.017713677
map,0.071920002
matP,0.001511338
mazE,0.000462696
mazF,0.004558819
mazG,9.0025E-05
mcbA,0.100205963
mdaB,0.016240665
mdfA,0.001252945
mdh,2.8499881
mdoB,0.010954778
mdoD,0.009702142
mdoG,0.095361073
mdoH,0.013572514
mdtA,0.009324218
mdtB,8.18844E-07
mdtE,0.000883981
mdtF,3.10241E-05
mdtK,0.000627001
melA,0.001007504
menB,0.029264998
menC,0.000989302
menD,0.000157155
menF,0.000204141
mepA,0.000343197
mepS,0.062171247
metA,0.159242664
metB,0.132075562
metC,0.152524304
metE,7.246876016
metF,0.240773755
metG,0.263436606
metH,0.095043651
metI,0.023206124
metJ,0.019914451
metK,0.869790974
metL,0.050637214
metN,0.068335255
metQ,1.458695701
metR,0.002670243
MettuDRAFT_4149,0.001629501
mfd,0.015777014
mglA,0.002370771
mglB,0.190928554
mglC,3.15251E-05
mgsA,0.024361109
mgtA,0.010784008
mhpD,0.000347863
mhpE,0.000781492
mhpF,0.014215692
mhpR,0.000591566
miaA,0.004672044
miaB,0.086088918
minC,0.00701814
minD,0.136334955
minE,0.034881428
mioC,0.109257407
mipA,0.153600649
mlaA,0.01597933
mlaB,0.010992729
mlaC,0.062282055
mlaD,0.035627786
mlaF,0.003305657
mlc,0.001419204
mltA,0.001642033
mltB,0.002191096
mltC,2.41845E-05
mmuM,0.00838208
mnaT,0.002410104
mngB,0.000334644
mngR,0.002511037
mnmA,0.033982313
mnmC,0.00081612
mnmE,0.023817482
mnmG,0.009646733
mntR,0.004338709
moaB,0.079206134
moaC,0.009151738
moaD,0.016945686
moaE,0.01289728
mobA,0.000803642
mobB,0.00039695
modA,0.03433434
modC,0.000417009
modE,0.006330029
modF,0.02104663
moeA,0.039370908
moeB,0.004156285
mog,0.001660654
mpaA,0.00038952
mpl,0.029228633
mppA,0.00670019
mprA,0.03698807
mqo,0.01462468
mqsA,0.000836565
mraY,0.0013488
mraZ,0.004257385
mrcA,0.004790528
mrcB,0.013407901
mrcB,0.00889736
mrdA,0.000877799
mreB,0.200856551
mreC,0.003376696
mrp,0.087223475
mrr,0.00189873
msbA,0.016207971
msbB,0.004394063
mscK,0.001389933
mscL,0.034926583
mscM,0.002941814
mscS,0.146232643
msrA,0.026569591
msrB,0.033311139
msrC,0.031564498
msyB,0.093783092
mtfA,0.021633651
mtgA,8.84292E-06
mtlA,0.064268258
mtlD,0.049457861
mtnN,0.08802372
mug,0.007473814
mukB,0.056126029
mukE,0.015188128
mukF,0.004514436
murA,0.048343132
murB,0.003467251
murC,0.038675452
murD,0.006330981
murE,0.045302125
murF,0.041754652
murG,0.005772565
murI,0.003441429
murQ,0.002017232
murR,0.000249852
mutL,0.000907167
mutM,0.000135985
mutS,0.006149263
mutT,8.95057E-05
mutY,0.000203025
nadA,0.023335603
nadB,0.002974313
nadC,0.034297526
nadD,0.001627241
nadE,0.200137733
nadK,0.001045561
nadR,0.001234009
nagA,0.019152444
nagB,0.027177375
nagC,0.009154448
nagD,0.057101521
nagE,0.030179965
nagK,0.00051494
nagZ,0.008161875
nanA,0.004405164
nanE,0.000884318
nanK,0.000328282
nanM,0.000430334
nanR,0.005706162
napA,0.00010756
narG,3.76531E-05
narH,5.36013E-07
narI,9.29182E-07
narJ,4.7455E-05
narL,0.049178026
narP,0.009821918
ndh,0.052045147
ndk,0.298984536
nei,5.54564E-07
nemA,0.006504013
nemR,0.000114266
nfi,0.000334013
nfnB,0.05959383
nfo,0.010725604
nfrA,6.69934E-05
nfsA,0.009385833
nfuA,0.130674265
nhaB,9.83129E-07
nikA,0.000408685
nikC,0.000269184
nikR,0.013541478
nirB,0.000469416
nirD,0.000199976
nlpA,0.091084777
nlpD,0.022933203
nlpE,0.000317568
nlpI,0.016693622
nmpC,0.001128069
nnr,0.004355282
nrdA,0.077048552
nrdA,0.003863397
nrdB,0.032431808
nrdD,0.003998647
nrdE,0.001918198
nrdF,0.002582477
nrdH,0.000506557
nrdR,0.006026842
nrfA,6.66865E-07
nsrR,0.022541793
nth,0.000418235
nudB,0.000255287
nudC,0.007216114
nudE,0.019662237
nudF,0.005443151
nudG,0.006769257
nudI,0.000565785
nudJ,0.00134188
nudK,0.089829086
nudL,0.000340954
nuoA,0.011909492
nuoB,0.012682081
nuoC,0.105879818
nuoE,0.023051888
nuoF,0.032168697
nuoG,0.155352612
nuoH,0.007982927
nuoI,0.010016379
nuoK,0.004122614
nuoL,0.000205349
nuoM,0.000934348
nuoN,0.001730266
nupC,0.008775292
nusA,0.507612108
nusB,0.028230709
nusG,0.133915371
obgE,0.029987926
ogt,0.001802438
ompA,7.384857838
ompC,2.251294529
ompF,1.567003581
ompR,0.037554275
ompT,0.820360008
ompW,0.001046963
ompX,0.692152017
oppA,0.581431477
oppB,0.002529513
oppC,0.005246809
oppD,0.00887986
oppF,0.003520935
orn,0.017583196
osmB,0.046856676
osmC,0.189970239
osmE,0.091822484
osmF,0.006399964
osmY,0.366527711
otsA,0.017728152
otsB,0.006676472
oxyR,0.022481521
paaB,4.46571E-07
paaC,2.87042E-05
paaE,5.40077E-07
paaJ,0.001234387
paaK,6.69403E-07
paaX,0.000647445
paaY,0.000261615
pabA,0.005220756
pabB,0.003018854
pabC,0.001381227
pal,0.569064541
panB,0.120784674
panC,0.067381394
panD,0.015236789
panE,0.001418979
parC,0.017367405
parE,0.004589606
patA,0.002816562
pbpG,4.74781E-07
pckA,0.113516008
pcm,0.007242943
pcnB,0.003872106
pdhR,0.004994669
pdxA,0.010716169
pdxB,0.05058914
pdxH,0.012787456
pdxJ,0.028215794
pdxK,0.002644348
pdxY,0.004415422
pepA,0.097917082
pepB,0.241657149
pepD,0.211381726
pepE,0.005689645
pepN,0.212736794
pepP,0.050964462
pepQ,0.103105112
pepT,0.019490242
pfkA,0.083691406
pfkB,0.050545516
pflA,0.008844536
pflB,0.653574793
pgaB,0.000270164
pgi,0.469661199
pgk,2.730899981
pgl,0.108510833
pgm,0.130158297
pheA,0.113258321
pheP,0.007610496
pheS,0.31024372
pheT,0.728268877
phnA,0.001846987
phnB,0.000726294
phnO,0.00935116
phnP,0.002358039
phoB,0.00032324
phoP,0.125633625
phoQ,0.001105391
phoU,0.015375794
pitA,0.018461843
pldA,0.001172084
pliG,0.011975764
plsB,0.029179865
plsC,0.00194655
plsX,0.003261704
plsY,8.76742E-06
pmbA,0.103929577
pmrD,5.93077E-05
pncA,0.001323817
pncB,0.04513059
pncC,0.002528992
pnp,0.405672379
pntA,0.17565986
pntB,0.240596007
pnuC,0.002683435
polA,0.075239222
potA,0.017778871
potC,0.001468551
potD,0.215404185
potF,0.205185784
potG,0.003033729
poxA,0.002173667
poxB,0.026504432
ppa,0.272760271
ppc,0.597080301
ppiA,0.08727562
ppiB,0.069372324
ppiC,0.018435281
ppiD,0.119485008
ppk,0.008058249
ppsA,0.167942553
ppsR,0.015142434
pptA,0.003710897
ppx,0.002966793
pqiB,0.000106423
pqqL,0.001415116
prc,0.064298599
preT,7.95421E-05
prfA,0.015507076
prfB,0.115074593
prfC,0.081489973
priA,0.000451407
priB,0.000173875
priC,0.000544059
prkB,0.009272528
prlC,0.172794232
prlF,0.001436303
prmA,0.010645904
prmB,0.081563558
proA,0.069890161
proB,0.044046456
proC,0.025605222
proP,0.024420308
proQ,0.09954207
proS,0.456710834
proV,0.002108599
proW,0.001860872
proX,0.046969384
prpB,0.001214876
prpC,0.033609231
prpD,0.008358852
prr,0.02636353
prs,0.421555838
psd,0.096563788
psiF,0.00079514
pspA,0.039483462
pspB,0.004611659
pspE,0.00220994
pspF,0.001347029
pssA,0.025925769
pstB,0.00544521
pstS,0.018741984
psuG,0.000386772
pta,0.147044234
pth,0.025616196
ptrA,0.008698882
ptrB,5.88901E-05
ptsG,0.233294796
ptsH,0.375332019
ptsI,1.07119436
ptsN,0.025648705
ptsP,0.005867834
purA,0.538994017
purB,0.16528709
purC,0.366539844
purD,0.161189852
purE,0.106422049
purF,0.072219526
purH,0.259466424
purK,0.014865836
purL,0.576307595
purM,0.155534604
purN,0.017686155
purR,0.05233202
purT,0.167427217
purU,0.122051936
putA,0.030632063
putP,0.006951772
puuA,0.010775828
puuC,0.010247271
puuD,0.005286236
puuE,0.003074285
puuR,0.003700493
pykA,0.162057914
pykF,0.749138038
pyrB,0.507526316
pyrC,0.288876483
pyrD,0.094235693
pyrE,0.000870286
pyrF,0.065838655
pyrG,0.096171116
pyrH,0.030558805
pyrI,0.541399301
qmcA,0.000519157
qorA,0.050835721
qorB,0.013244617
qseB,0.002879395
queA,0.02717579
queC,0.012967358
queD,0.006453737
queE,0.007985137
queF,0.00318255
racR,0.004871028
radA,0.003209072
raiA,0.045625624
rapA,0.015293683
rarA,0.000429646
ratB,0.002265661
ravA,0.003074499
rbfA,0.038545243
rbn,0.000396836
rbsA,0.001657796
rbsB,0.258631329
rbsC,0.000348476
rbsD,0.004488109
rbsK,0.003510023
rclA,0.001451372
rcnB,0.009180958
rcnR,0.008290965
rcsB,0.108677794
rcsC,0.000260807
rcsD,0.00542038
rcsF,0.018277212
rdgB,0.023610528
rdgC,0.03163404
rdoA,0.003621228
recA,0.095392399
recB,0.00896792
recC,0.000225108
recD,4.0656E-05
recF,0.002286707
recG,0.000317288
recJ,0.000535361
recN,6.6347E-07
recR,0.002768893
relA,0.008947442
relB,0.002681183
rep,0.000889694
rfaC,0.003654416
rfaF,0.012265216
rfaG,0.003456471
rfaH,0.001698069
rfaL,0.000643863
rfaY,0.000193635
rfbB,0.067907965
rfbC,0.008892171
rfbD,0.041287936
rffA,0.005457968
rffC,0.001164026
rffG,0.002717274
rhlB,0.038842279
rhlE,0.002035133
rho,0.252859426
ribA,0.011244972
ribB,0.014360644
ribC,0.029012644
ribD,0.012978919
ribE,0.196595464
ribF,0.009216222
ridA,0.20896885
rihA,0.008047407
rihC,0.002286277
rimI,0.001234712
rimJ,0.006482826
rimK,0.002663224
rimL,0.002554201
rimM,0.026495475
rimO,0.026781994
rimP,0.016801073
rlmA,0.000664429
rlmB,0.020745529
rlmD,0.000136114
rlmE,0.008371295
rlmF,0.001278511
rlmG,4.63821E-06
rlmH,0.001623764
rlmI,0.012683575
rlmJ,0.016004988
rlmL,0.013323495
rlmM,0.008467938
rlmN,0.015350137
rlpA,0.018081136
rluA,0.004870904
rluB,0.006174153
rluC,0.009090665
rluD,0.024060849
rluF,0.00086491
rmf,0.00126127
rmlA,0.034446443
rmlA,0.001442466
rmuC,4.82981E-05
rna,0.002477604
rnb,0.151591029
rnc,0.027696175
rnd,0.000146843
rne,0.166254597
rng,0.007806215
rnhA,0.000690418
rnhB,0.003244821
rnk,0.010760283
rnpA,0.002980774
rnr,0.038298086
rnt,0.009235997
rob,0.005609645
rodZ,0.092648054
rof,0.011590019
rpe,0.021339349
rph,0.000220338
rpiA,0.104556915
rpiB,0.000919853
rpiR,0.003113309
rplA,1.168833155
rplB,0.702790642
rplC,0.608670346
rplD,0.77214684
rplE,1.069364553
rplF,0.567395911
rplI,0.911969584
rplJ,1.011476858
rplK,0.274662928
rplL,1.257207321
rplM,0.83619874
rplN,0.159287058
rplO,0.173466626
rplP,0.838772985
rplQ,0.438011176
rplR,0.130056252
rplS,0.119774013
rplT,0.080006825
rplU,0.140986072
rplV,1.007257833
rplW,0.034831774
rplX,0.934223629
rplY,0.357440077
rpmA,0.352195853
rpmB,0.146107079
rpmC,0.637413303
rpmD,0.089832876
rpmE,0.106086105
rpmE,4.16317E-05
rpmF,0.284153693
rpmG,0.294802825
rpmH,0.129622222
rpmI,0.001033673
rpmJ,0.001085864
rpoA,0.882686151
rpoB,0.989140834
rpoC,0.715353339
rpoD,0.075540643
rpoE,0.01398641
rpoN,0.026683388
rpoS,0.013819635
rpoZ,0.15456548
rppH,0.001810582
rpsA,2.414541096
rpsB,1.293115801
rpsC,0.687373871
rpsD,0.529602888
rpsE,0.526526458
rpsF,0.454276079
rpsG,1.793088472
rpsH,0.518647285
rpsI,0.21722145
rpsJ,0.773778411
rpsK,0.247100656
rpsL,0.052860205
rpsM,0.509058365
rpsN,0.193388581
rpsO,0.563239375
rpsP,0.990678321
rpsQ,0.067194853
rpsR,0.378269328
rpsS,0.328443421
rpsT,0.462674069
rpsU,0.399549526
rraA,0.044864758
rraB,0.050152489
rsd,0.00722417
rseA,0.001765946
rseB,0.005412969
rseP,0.000541316
rsfS,0.001321365
rsgA,0.024342333
rsmA,0.012746071
rsmB,0.004686478
rsmC,0.041522544
rsmD,0.00178357
rsmE,0.006103357
rsmF,0.003724066
rsmG,0.015893016
rsmH,0.021607798
rsmI,0.019893048
rsmJ,0.001549641
rspA,7.24068E-05
rspB,5.93035E-05
rssA,0.004577745
rssB,0.000832545
rstA,0.010759135
rstB,0.000472871
rsuA,0.064762387
rsxC,0.001364725
rsxG,0.003278711
rtn,7.28251E-05
rumB,0.000273666
ruvA,0.003684798
ruvB,0.01447023
sad,0.001412997
sapA,0.002012302
sapD,0.001460732
sapF,0.001514749
sbcB,1.82445E-05
sbcC,0.001381933
sbcD,0.000790707
sbmA,0.000338526
sbp,0.082506126
sdaA,0.00028757
sdaB,0.003031943
sdaC,0.005137617
sdhA,0.222578431
sdhB,0.11016028
sdhC,0.020383553
sdhD,0.000626122
sdiA,0.000365099
secA,0.119564273
secB,0.47932185
secD,0.047521921
secE,0.003435672
secF,0.027265826
secG,0.046602543
secY,0.052385995
selA,0.01518655
selB,0.005562062
selD,0.043103324
selU,0.000762313
seqA,0.045710553
serA,0.831966774
serB,0.010948658
serC,1.197722946
serS,0.203008196
sfsA,0.001870075
sgbH,0.001781606
sgcA,0.000228172
sgcB,0.002380188
sgcQ,4.99333E-05
sgcX,0.000327821
shiA,0.002699498
sixA,0.001751913
skp,0.241149443
slmA,0.005739977
slp,0.019188575
slt,0.009741547
slyA,0.02128668
slyB,0.365046428
slyD,0.680482932
slyX,0.003832153
smpB,0.01000697
smtA,0.000525798
sodA,0.829577076
sodB,0.148551142
sodC,0.010130636
sohB,0.026998091
solA,0.055171644
soxR,2.27339E-05
speA,0.158742561
speB,0.071423944
speC,0.011287217
speD,0.089709174
speE,0.055735799
speG,0.00327513
spoT,0.001819111
sppA,0.005867737
spy,0.012789949
sra,0.029139849
srlB,0.000209538
srlD,0.000204216
srlE,1.31201E-05
srlR,0.000570681
srmB,0.024905776
ssb,0.11362279
sseA,0.041969551
sseB,0.020734059
sspA,0.190147633
sspB,0.010685731
sstT,0.004162252
sthA,0.038023079
stpA,0.174578157
sucA,0.297369472
sucB,0.38343607
sucC,0.4266132
sucD,0.341943746
sufA,0.008716269
sufB,0.024171991
sufC,0.028706706
sufD,0.019552877
sufE,0.000122898
sufS,0.037426997
suhB,0.069604572
surA,0.121891338
surE,0.007167356
syd,0.002644752
tabA,0.443256183
tadA,0.000818929
talA,0.085535739
talB,0.620913053
tam,0.004644972
tamA,0.003878901
tamB,0.000677838
tar,0.00015064
tas,0.015502696
tatA,0.039650735
tatB,0.019775551
tatC,0.010210911
tatD,0.000494352
tatE,0.000519198
tauA,0.00029408
tauD,0.000103454
tdcE,0.00434597
tdh,0.011165815
tdk,0.003571408
tehB,0.008383975
tesA,0.006584186
tesB,0.012670472
tgt,0.059779404
thiB,0.001108439
thiD,0.001324105
thiI,0.018013806
thiL,0.005966877
thiM,0.000157655
thrA,0.843307093
thrB,0.033130711
thrC,1.141736241
thrS,0.115300451
thyA,0.019340414
tig,1.992947335
tilS,6.34462E-05
tktA,0.465231046
tktB,0.091318073
tldD,0.031640648
tmk,0.008026141
tnaA,0.053687195
tnaB,0.000758464
tolA,0.004758455
tolB,0.128828765
tolC,0.435463729
tolQ,0.011360611
tolR,0.004432087
tonB,0.004663916
topA,0.057291423
topB,4.41479E-05
torR,4.27296E-05
tpiA,0.332713039
tpx,0.730164595
treA,0.0069517
treB,0.001245801
treC,0.000407727
treF,0.001177503
treR,0.000271222
trg,1.87541E-05
trkA,0.003548636
trmA,0.006000927
trmB,0.020069286
trmD,0.005726772
trmH,0.001030615
trmJ,0.011572135
trmL,0.001169971
trpA,0.209001509
trpB,0.383362002
trpC,0.065820916
trpE,0.103965142
trpG,0.096744198
trpR,0.003422264
trpS,0.112890967
truA,0.002291668
truB,0.004462306
truC,0.002466218
truD,0.015136882
trxA,0.409870501
trxB,0.254917608
trxC,0.006627973
tsaA,0.002836911
tsaB,0.004389811
tsaC,0.014258303
tsaD,0.011885476
tsaE,0.0255416
tsf,1.002675597
tsr,7.78454E-06
tsx,0.074032695
ttcA,0.004588183
tufA,18.12579004
tus,0.001080283
tusA,0.004121085
tusB,0.003268063
tusC,0.000464774
tusD,0.000556838
tusE,0.009904481
typA,0.336696329
tyrA,0.098751159
tyrB,0.127806289
tyrR,0.01265537
tyrS,0.179559835
ubiB,0.000331105
ubiC,0.00480673
ubiD,0.022546958
ubiE,0.043259381
ubiF,0.002211229
ubiG,0.058780663
ubiH,0.004435629
ubiI,0.001228896
ubiX,0.002144743
ucpA,0.005624504
udk,0.00777118
udp,0.077744244
ugd,0.000717547
ugpB,0.009077677
ugpC,0.001880714
ugpQ,0.008847671
uhpA,0.001367185
uhpT,6.55687E-05
uidA,0.000147197
uidR,0.005012461
ulaB,0.000509847
ulaR,0.001422552
ung,0.004816532
upp,0.870762307
uppS,0.001481238
usg,0.02750178
ushA,0.036674829
uspA,0.999225082
uspC,0.006741668
uspD,0.008640785
uspE,0.085594597
uspF,0.036590127
uspG,0.031002348
uup,0.018596061
uvrA,0.02192321
uvrB,0.016951551
uvrC,7.51645E-05
uvrD,0.004169921
uvrY,0.004866106
uxaB,0.000212073
uxaC,0.012800122
uxuA,0.029364566
uxuB,0.001733741
uxuR,0.000381581
valS,0.308665334
vsr,0.000388685
waaA,0.002414288
waaU,0.000180681
wbbI,0.049440691
wbbJ,0.001481101
wbbK,0.004402578
wbbL,0.000166615
wecA,8.35839E-05
wecB,0.008156639
wecC,0.00842132
wecF,0.000332802
wecG,0.001367447
wrbA,0.183393391
wzc,5.93725E-07
wzzB,0.099008236
wzzE,0.00915384
xdhB,0.00047383
xdhC,5.55962E-05
xerC,0.000870709
xerD,0.000571344
xseA,0.002975969
xseB,0.013647813
xthA,0.03380258
xylA,0.021460743
xylB,0.004193114
xylE,7.6281E-05
xylF,0.005572733
xylG,8.70396E-05
xylH,4.34123E-06
xylR,9.04166E-05
yaaA,0.039422118
yacC,0.001398615
yacG,0.001144041
yacL,0.003941797
yadG,0.015640357
yaeH,0.042727735
yaeP,0.017900385
yaeQ,6.69265E-05
yaeR,0.003332078
yafC,0.000443325
yafJ,0.002807541
yafK,0.003735781
yafN,0.000325752
yafV,0.010493803
yagE,0.002313584
yagH,0.002487425
yagI,0.001705601
yagU,0.024780649
yahG,8.54001E-05
yahJ,0.000183729
yahK,0.092842153
yahO,0.066041754
yaiA,0.004258716
yaiE,0.022802976
yaiI,0.001376608
yaiL,0.002901081
yaiW,4.48639E-05
yajC,0.098892852
yajD,0.002280731
yajG,0.158808098
yajI,0.006214548
yajL,0.012733126
yajO,0.028068472
yajQ,0.305863318
ybaA,0.001661866
ybaB,0.136971093
ybaK,0.014710276
ybaL,0.008509273
ybaQ,0.000877977
ybaV,0.00086461
ybaY,0.149060973
ybbA,0.001209874
ybbN,0.141941696
ybbO,0.001921245
ybbP,0.001567644
ybcH,0.000274303
ybcJ,0.00499184
ybcL,0.000314516
ybdD,9.84838E-06
ybdF,0.004113139
ybdH,0.047156074
ybdK,0.003679658
ybdL,0.004012264
ybdR,0.001381877
ybdZ,0.001453843
ybeD,0.067238502
ybeL,0.016844033
ybeY,0.000407742
ybeZ,0.04753475
ybfE,0.000659622
ybfF,0.00960738
ybgA,4.9267E-07
ybgC,0.004984736
ybgF,0.064830436
ybgI,0.192995253
ybgJ,0.005190878
ybgK,0.000588066
ybgL,2.11535E-05
ybgS,0.007210576
ybhA,0.017643679
ybhB,0.008947943
ybhC,0.105275268
ybhG,0.004902445
ybhK,0.000216575
ybhL,0.002806249
ybhP,0.000441779
ybiB,0.041639186
ybiC,0.10542416
ybiI,5.03557E-05
ybiJ,0.001068507
ybiP,3.2553E-05
ybiS,0.191760906
ybiT,0.034037518
ybiU,0.00438504
ybiV,0.006833637
ybiX,0.000607174
ybjD,1.90255E-05
ybjI,0.001345315
ybjL,7.76686E-07
ybjN,0.003256048
ybjP,0.042302876
ybjQ,0.001646413
ybjS,0.001010694
ybjT,0.000173913
ybjX,0.000169847
ycaC,0.07215193
ycaK,0.001717175
ycaO,0.047602224
ycaP,0.000189637
ycaR,0.022229209
ycbB,0.007335179
ycbL,0.033208626
ycbX,0.014280249
ycbZ,0.004209409
yccF,0.007222185
yccJ,0.036208714
yccU,0.045015366
yccX,0.002012154
ycdB,0.000810179
ycdX,0.010666168
ycdY,0.023309657
yceA,0.004436796
yceB,0.012681669
yceD,0.037551078
yceF,0.08417084
yceG,0.000811424
yceH,0.03438481
yceI,0.072621245
yceM,0.002191753
ycfD,0.057957193
ycfH,0.002129907
ycfJ,0.001623986
ycfP,0.027898712
ycfS,0.001158079
ycgB,0.000470678
ycgE,9.0881E-05
ycgJ,0.000485383
ycgL,0.00237276
ycgM,0.00404834
ychF,0.18173353
ychH,6.85867E-06
ychJ,0.000202046
ychN,0.042514293
yciA,0.001580304
yciB,0.000129948
yciC,0.000449562
yciE,0.009714777
yciF,0.008321235
yciG,0.000633196
yciH,0.001918332
yciI,0.037158961
yciK,0.014784148
yciM,0.001003113
yciN,0.010566105
yciO,0.027170495
yciS,0.001098172
yciT,0.003762825
yciU,0.002946397
yciW,0.004923454
yciX,0.001096206
yciZ,0.000147333
ycjF,0.001256453
ycjG,0.005889683
ycjW,0.001760924
ycjX,0.002681425
ycjY,0.002677905
ydaL,0.002020136
ydaM,0.000262613
ydbC,0.021057461
ydbK,0.013992003
ydbL,0.000170431
ydcF,0.011845233
ydcH,1.10586E-05
ydcI,0.007361277
ydcJ,0.003604307
ydcL,0.059531883
ydcN,0.000477583
ydcP,0.003284255
ydcS,0.005780177
ydcT,0.001473748
ydcY,0.00553664
yddB,0.000212256
yddE,0.006806545
yddH,0.00033816
yddM,0.00119944
ydeH,5.56072E-05
ydeI,0.002569164
ydeJ,0.000365617
ydeN,0.001417801
ydeP,0.000894708
ydeQ,0.000211767
ydfG,0.085456701
ydfH,0.00421553
ydfW,0.002471993
ydfZ,0.000213915
ydgA,0.11019891
ydgD,0.000713972
ydgH,0.15345236
ydgJ,0.003336642
ydhF,0.016534048
ydhO,1.56551E-05
ydhQ,0.006043774
ydhR,0.054469379
ydhS,0.004256398
ydhZ,0.00096962
ydiE,7.05614E-06
ydiH,0.006847136
ydiI,0.007756824
ydiJ,0.043422795
ydiU,0.006299152
ydiY,0.000112953
ydiZ,0.00224206
ydjA,0.066961651
ydjF,0.001062431
ydjN,0.179977818
ydjY,5.36402E-05
yeaC,0.001346848
yeaD,0.117122641
yeaE,0.001526732
yeaG,0.064086101
yeaH,0.001666519
yeaJ,9.22727E-05
yeaK,0.012969522
yeaO,0.004893566
yeaP,0.000163533
yeaR,4.19967E-05
yeaY,0.002548188
yebC,0.03471794
yebE,0.018859622
yebF,0.036864375
yebG,0.005263931
yebO,0.007879801
yebT,0.001598845
yebV,0.019843516
yebY,0.028570779
yecA,0.033324439
yecC,0.017232268
yecD,0.000613205
yecE,2.05572E-05
yecF,0.00353615
yecH,4.69978E-05
yecJ,0.006953223
yecM,0.009884788
yecS,0.005424199
yedD,0.04136416
yedE,0.001715715
yedF,0.00982227
yedJ,7.19162E-05
yedK,7.2432E-05
yedP,0.001992418
yedQ,0.000700766
yedV,0.000590089
yedW,0.00040592
yedY,0.001230285
yeeD,0.045963541
yeeE,0.000221087
yeeN,0.089989399
yeeX,0.429354441
yeeZ,0.016091095
yefM,0.001247933
yegD,0.001770819
yegH,0.002127364
yegP,0.007695914
yegQ,0.022490301
yegS,0.002215477
yegW,0.003033751
yehS,0.000984264
yehT,7.89169E-05
yehU,7.45775E-07
yehX,0.006727319
yeiE,0.006631336
yeiG,0.006697922
yeiP,0.125643234
yeiQ,4.3851E-05
yeiR,0.003265522
yeiU,0.000757648
yejA,0.001196438
yejG,0.001969306
yejK,0.052237977
yejL,0.004100649
yejM,0.002681227
yfaY,0.009418289
yfaZ,0.000106942
yfbR,0.002207748
yfbT,0.046534031
yfbU,0.03989136
yfcD,0.047946919
yfcE,0.030246786
yfcF,0.007705184
yfcG,0.00082641
yfcH,0.005159126
yfcL,0.007461476
yfcN,0.002588678
yfcR,0.003078285
yfcZ,0.0328329
yfdC,0.000671838
yfdH,0.000201213
yfdI,0.009706997
yfeA,0.000146356
yfeC,0.000244283
yfeD,0.000359057
yfeW,0.001138515
yfeX,0.026794074
yfeY,0.001949012
yffB,0.000284144
yffR,0.001288431
yffS,0.002283059
yfgD,0.049837664
yfgJ,8.59024E-05
yfgM,0.037254638
yfhA,0.000760827
yfhG,0.000432985
yfhH,0.002245507
yfhM,0.008685769
yfiB,0.00011607
yfiC,0.001304089
yfiF,0.070554412
yfiH,0.000976975
yfiQ,0.002804377
yfjG,0.000959386
ygaC,0.000708138
ygaM,0.010193064
ygaP,0.014890311
ygaU,0.049435048
ygaV,0.00250317
ygbI,7.06237E-05
ygbM,0.000353599
ygbT,0.000117275
ygdG,0.000118514
ygdH,0.01680813
ygdI,0.019574783
ygdL,0.002261863
ygdR,5.7968E-05
ygeA,0.00017889
ygeR,0.000100866
ygeV,6.54711E-07
ygeW,0.000355861
ygeY,0.000743532
ygfA,0.001236431
ygfB,0.034242597
ygfF,0.000762802
ygfJ,0.001575247
ygfY,0.003320444
ygfZ,0.096391705
yggE,0.041880414
yggL,0.062339056
yggN,0.007476143
yggS,0.008886888
yggT,0.007450197
yggU,0.000791816
yggW,0.00010256
yggX,0.062526754
yghA,0.007809754
yghU,0.041331111
yghW,1.32964E-05
ygiB,0.004942247
ygiC,0.028806938
ygiD,0.009961698
ygiF,0.023067041
ygiM,0.01045003
ygiN,0.01165359
ygiQ,1.38886E-05
ygiS,0.00476997
ygiW,0.038751606
ygjP,1.72869E-05
ygjR,0.011184438
yhaJ,0.000282786
yhaK,0.00142323
yhaM,0.000514517
yhaV,0.000222853
yhbJ,0.012470347
yhbO,0.008999249
yhbS,0.019292095
yhbT,0.000189282
yhbW,0.006797378
yhbY,0.005025648
yhcB,0.135003737
yhcH,0.003644731
yhcN,0.000533529
yhcO,0.000626815
yhdE,0.007294362
yhdP,0.000167526
yheO,0.023240338
yheS,0.006674654
yheT,0.001175556
yheU,7.86566E-07
yheV,0.005716135
yhfA,0.010546924
yhfG,0.000268658
yhfZ,0.002156509
yhgF,0.023934289
yhhA,0.002959411
yhhK,0.000193467
yhhM,0.001349004
yhhW,0.003539949
yhhX,0.027268884
yhhY,0.000174363
yhiI,0.011506331
yhiN,0.003813733
yhjD,0.001583551
yhjE,0.036600035
yhjG,0.001983469
yhjJ,0.010727282
yhjK,0.000371449
yiaD,0.012670497
yiaF,0.072954533
yiaG,7.10976E-05
yiaJ,0.004680701
yiaO,0.000569213
yibA,0.00165033
yibF,0.023824561
yibL,0.034913844
yibN,0.035475222
yibQ,0.007369058
yibT,0.008502787
yicC,0.039074381
yicH,0.007203633
yicI,0.000109468
yicS,5.21346E-07
yidA,0.025164943
yidB,0.011681192
yidC,0.085911544
yidE,5.52161E-05
yidQ,0.009573522
yidR,0.008233105
yieF,0.056996624
yieH,0.000873506
yieP,0.006834786
yifE,0.123437891
yifK,0.00056189
yifL,0.032720528
yigA,0.000439769
yigB,0.011101476
yigI,0.003033594
yigL,0.042089756
yigP,0.001497786
yigZ,0.003887072
yihD,0.042738955
yihI,0.037118116
yihL,0.000262733
yihM,0.000749421
yihT,0.00102558
yihU,0.000314386
yihW,0.00185663
yihX,0.004920559
yiiD,0.008248787
yiiM,0.003099177
yiiQ,0.000419559
yiiS,0.006101275
yijO,9.32788E-05
yjaG,0.003740534
yjbB,0.000299224
yjbD,0.003345941
yjbJ,0.006259985
yjbQ,0.005185981
yjbR,0.009308281
yjcE,0.005578034
yjcO,0.005307445
yjdC,0.018908528
yjdI,0.00147606
yjeI,0.016294589
yjfN,7.33756E-05
yjfP,0.00727206
yjgA,0.00589092
yjgH,0.000373908
yjgM,0.003960265
yjgR,0.015651972
yjhC,0.000656798
yjhH,0.001425381
yjhU,0.00044364
yjiA,0.009744975
yjiM,8.82935E-06
yjiX,0.000311466
yjiY,0.00178948
yjjA,0.00606964
yjjG,0.002753575
yjjK,0.266365759
yjjU,0.000269141
yjjV,0.00102226
yjjX,0.012538953
ykgE,5.14515E-07
ykgG,0.000103302
ylaC,0.004389762
ylbA,0.001200428
yliI,8.70574E-05
ymbA,0.002889982
ymdB,0.002154792
ymdF,0.000160698
ymgA,0
ymgD,8.44641E-05
ymgG,0
ymjA,0.00470016
ynaE,0.000523405
ynaI,0.000150973
ynbE,0.000941691
yncD,0.000753833
yncE,0.221987605
ynfB,0.009820828
ynfD,2.21964E-05
ynfF,6.13414E-07
ynfL,0.000183575
ynhG,0.030898588
yniA,0.010459837
yniC,0.020942703
ynjB,0.001203231
ynjE,0.001342547
ynjH,0.0022942
yoaB,0.038385988
yoaC,0.000133844
yoaE,0.004363421
yoaF,9.46151E-05
yoaH,0.000913401
yobA,0.003996148
yodC,0.000246744
yodD,0.001175653
yohF,0.003201022
yojI,0.00024925
ypdB,0.000706191
ypeA,0.002209855
ypeB,0.000558202
ypfH,0.002099825
ypfJ,0.006593422
ypfM,7.33837E-06
yphC,0.000146349
yphF,0.001396218
yqaB,0.005494027
yqcA,0.004223929
yqcC,0.002912849
yqeF,0.001304421
yqeG,1.09056E-06
yqfB,0.013802593
yqgE,0.014055071
yqgF,0.001773113
yqhC,0.003310593
yqhD,0.073448713
yqiA,0.00083042
yqiB,0.000391802
yqiC,0.028400599
yqjA,0.00151512
yqjC,0.011602128
yqjD,0.172735583
yqjE,0.000304327
yqjG,0.006643973
yqjH,0.020825507
yqjI,0.003280208
yqjK,0
yraP,0.025037052
yraQ,0.000624659
yraR,0.000307196
yrbA,0.007809392
yrbL,0.000468508
yrdA,0.028192185
yrdB,0.005004197
yrdD,0.00010979
yrfF,0.005450206
yrfG,0.002594268
ysgA,0.03325956
ytfB,0.007569749
ytfE,0.000260379
ytfH,0.000474394
ytfJ,0.001499002
ytfL,0.000983681
ytfP,0.022980032
ytfQ,0.00564793
ytfR,3.08696E-05
zapA,0.016961166
zapB,0.172976343
zapD,0.013804151
zapE,0.002294763
zinT,0.001101323
zipA,0.06305617
zntA,0.001475966
zntB,0.000538935
zntR,0.000704607
znuA,0.024293894
znuC,0.001020419
zraP,5.23427E-05
zur ,0.002240171
zwf,0.114016127
